"time","totalforcing"
1880-01-01,0.294964546516051
1880-02-01,0.296749815477626
1880-03-01,0.298535084439206
1880-04-01,0.300320353400782
1880-05-01,0.302105622362357
1880-06-01,0.303890891323937
1880-07-01,0.305676160285512
1880-08-01,0.307461429247088
1880-09-01,0.309246698208668
1880-10-01,0.311031967170243
1880-11-01,0.312817236131818
1880-12-01,0.314602505093399
1881-01-01,0.316387774054974
1881-02-01,0.320582049803858
1881-03-01,0.324776325552754
1881-04-01,0.328970601301638
1881-05-01,0.333164877050522
1881-06-01,0.337359152799418
1881-07-01,0.341553428548302
1881-08-01,0.345747704297186
1881-09-01,0.349941980046082
1881-10-01,0.354136255794966
1881-11-01,0.35833053154385
1881-12-01,0.362524807292746
1882-01-01,0.36671908304163
1882-02-01,0.307622106577605
1882-03-01,0.248525130113418
1882-04-01,0.189428153649393
1882-05-01,0.130331177185368
1882-06-01,0.0712342007211815
1882-07-01,0.0121372242571564
1882-08-01,-0.0469597522068687
1882-09-01,-0.106056728671055
1882-10-01,-0.16515370513508
1882-11-01,-0.224250681599105
1882-12-01,-0.283347658063292
1883-01-01,-0.342444634527317
1883-02-01,-0.461114132328924
1883-03-01,-0.579783630130855
1883-04-01,-0.698453127932463
1883-05-01,-0.81712262573407
1883-06-01,-0.935792123536001
1883-07-01,-1.05446162133761
1883-08-01,-1.17313111913922
1883-09-01,-1.29180061694115
1883-10-01,-1.41047011474275
1883-11-01,-1.52913961254436
1883-12-01,-1.64780911034629
1884-01-01,-1.7664786081479
1884-02-01,-1.6605815559521
1884-03-01,-1.55468450375601
1884-04-01,-1.44878745156021
1884-05-01,-1.34289039936441
1884-06-01,-1.23699334716832
1884-07-01,-1.13109629497252
1884-08-01,-1.02519924277672
1884-09-01,-0.919302190580633
1884-10-01,-0.813405138384832
1884-11-01,-0.707508086189032
1884-12-01,-0.601611033992943
1885-01-01,-0.495713981797143
1885-02-01,-0.44955505756951
1885-03-01,-0.403396133341752
1885-04-01,-0.357237209114119
1885-05-01,-0.311078284886487
1885-06-01,-0.264919360658728
1885-07-01,-0.218760436431096
1885-08-01,-0.172601512203463
1885-09-01,-0.126442587975705
1885-10-01,-0.0802836637480726
1885-11-01,-0.03412473952044
1885-12-01,0.0120341847073184
1886-01-01,0.0581931089349509
1886-02-01,0.0640259884407359
1886-03-01,0.0698588679465369
1886-04-01,0.0756917474523219
1886-05-01,0.0815246269581069
1886-06-01,0.0873575064639078
1886-07-01,0.0931903859696928
1886-08-01,0.0990232654754779
1886-09-01,0.104856144981279
1886-10-01,0.110689024487064
1886-11-01,0.116521903992849
1886-12-01,0.12235478349865
1887-01-01,0.128187663004435
1887-02-01,0.141032848887063
1887-03-01,0.153878034769726
1887-04-01,0.166723220652355
1887-05-01,0.179568406534983
1887-06-01,0.192413592417646
1887-07-01,0.205258778300274
1887-08-01,0.218103964182903
1887-09-01,0.230949150065566
1887-10-01,0.243794335948194
1887-11-01,0.256639521830823
1887-12-01,0.269484707713486
1888-01-01,0.282329893596114
1888-02-01,0.2879216956439
1888-03-01,0.2935134976917
1888-04-01,0.299105299739486
1888-05-01,0.304697101787271
1888-06-01,0.310288903835072
1888-07-01,0.315880705882857
1888-08-01,0.321472507930643
1888-09-01,0.327064309978443
1888-10-01,0.332656112026229
1888-11-01,0.338247914074014
1888-12-01,0.343839716121815
1889-01-01,0.349431518169601
1889-02-01,0.333835156397508
1889-03-01,0.318238794625373
1889-04-01,0.302642432853281
1889-05-01,0.287046071081188
1889-06-01,0.271449709309053
1889-07-01,0.255853347536961
1889-08-01,0.240256985764869
1889-09-01,0.224660623992734
1889-10-01,0.209064262220641
1889-11-01,0.193467900448549
1889-12-01,0.177871538676414
1890-01-01,0.162275176904322
1890-02-01,0.153504787399267
1890-03-01,0.144734397894189
1890-04-01,0.135964008389134
1890-05-01,0.12719361888408
1890-06-01,0.118423229379001
1890-07-01,0.109652839873947
1890-08-01,0.100882450368892
1890-09-01,0.0921120608638138
1890-10-01,0.0833416713587593
1890-11-01,0.0745712818537048
1890-12-01,0.0658008923486263
1891-01-01,0.0570305028435718
1891-02-01,0.0761703373465121
1891-03-01,0.0953101718495045
1891-04-01,0.114450006352445
1891-05-01,0.133589840855385
1891-06-01,0.152729675358378
1891-07-01,0.171869509861318
1891-08-01,0.191009344364258
1891-09-01,0.21014917886725
1891-10-01,0.229289013370191
1891-11-01,0.248428847873131
1891-12-01,0.267568682376123
1892-01-01,0.286708516879064
1892-02-01,0.299471456480115
1892-03-01,0.312234396081201
1892-04-01,0.324997335682253
1892-05-01,0.337760275283305
1892-06-01,0.350523214884391
1892-07-01,0.363286154485442
1892-08-01,0.376049094086494
1892-09-01,0.38881203368758
1892-10-01,0.401574973288632
1892-11-01,0.414337912889683
1892-12-01,0.42710085249077
1893-01-01,0.439863792091821
1893-02-01,0.440615269375155
1893-03-01,0.44136674665849
1893-04-01,0.442118223941824
1893-05-01,0.442869701225157
1893-06-01,0.443621178508492
1893-07-01,0.444372655791826
1893-08-01,0.445124133075159
1893-09-01,0.445875610358495
1893-10-01,0.446627087641828
1893-11-01,0.447378564925162
1893-12-01,0.448130042208497
1894-01-01,0.448881519491831
1894-02-01,0.447670111972723
1894-03-01,0.446458704453612
1894-04-01,0.445247296934504
1894-05-01,0.444035889415397
1894-06-01,0.442824481896286
1894-07-01,0.441613074377178
1894-08-01,0.44040166685807
1894-09-01,0.439190259338959
1894-10-01,0.437978851819851
1894-11-01,0.436767444300744
1894-12-01,0.435556036781633
1895-01-01,0.434344629262525
1895-02-01,0.432638765136802
1895-03-01,0.430932901011074
1895-04-01,0.429227036885351
1895-05-01,0.427521172759628
1895-06-01,0.4258153086339
1895-07-01,0.424109444508177
1895-08-01,0.422403580382454
1895-09-01,0.420697716256726
1895-10-01,0.418991852131002
1895-11-01,0.417285988005279
1895-12-01,0.415580123879551
1896-01-01,0.413874259753828
1896-02-01,0.411592691614604
1896-03-01,0.409311123475373
1896-04-01,0.407029555336149
1896-05-01,0.404747987196925
1896-06-01,0.402466419057694
1896-07-01,0.40018485091847
1896-08-01,0.397903282779245
1896-09-01,0.395621714640015
1896-10-01,0.39334014650079
1896-11-01,0.391058578361566
1896-12-01,0.388777010222335
1897-01-01,0.386495442083111
1897-02-01,0.385584938487918
1897-03-01,0.384674434892722
1897-04-01,0.383763931297529
1897-05-01,0.382853427702336
1897-06-01,0.38194292410714
1897-07-01,0.381032420511947
1897-08-01,0.380121916916753
1897-09-01,0.379211413321558
1897-10-01,0.378300909726364
1897-11-01,0.377390406131171
1897-12-01,0.376479902535975
1898-01-01,0.375569398940782
1898-02-01,0.373144684634748
1898-03-01,0.370719970328706
1898-04-01,0.368295256022672
1898-05-01,0.365870541716637
1898-06-01,0.363445827410596
1898-07-01,0.361021113104561
1898-08-01,0.358596398798527
1898-09-01,0.356171684492485
1898-10-01,0.353746970186451
1898-11-01,0.351322255880416
1898-12-01,0.348897541574375
1899-01-01,0.34647282726834
1899-02-01,0.345844312088696
1899-03-01,0.345215796909051
1899-04-01,0.344587281729407
1899-05-01,0.343958766549763
1899-06-01,0.343330251370118
1899-07-01,0.342701736190474
1899-08-01,0.34207322101083
1899-09-01,0.341444705831185
1899-10-01,0.340816190651541
1899-11-01,0.340187675471897
1899-12-01,0.339559160292252
1900-01-01,0.338930645112608
1900-02-01,0.338302476945582
1900-03-01,0.337674308778554
1900-04-01,0.337046140611527
1900-05-01,0.336417972444501
1900-06-01,0.335789804277473
1900-07-01,0.335161636110447
1900-08-01,0.33453346794342
1900-09-01,0.333905299776392
1900-10-01,0.333277131609366
1900-11-01,0.33264896344234
1900-12-01,0.332020795275311
1901-01-01,0.331392627108285
1901-02-01,0.312048494147267
1901-03-01,0.292704361186196
1901-04-01,0.273360228225177
1901-05-01,0.254016095264159
1901-06-01,0.234671962303088
1901-07-01,0.21532782934207
1901-08-01,0.195983696381051
1901-09-01,0.17663956341998
1901-10-01,0.157295430458962
1901-11-01,0.137951297497944
1901-12-01,0.118607164536873
1902-01-01,0.0992630315758543
1902-02-01,0.0410855607435583
1902-03-01,-0.0170919100888964
1902-04-01,-0.0752693809211924
1902-05-01,-0.133446851753488
1902-06-01,-0.191624322585943
1902-07-01,-0.249801793418239
1902-08-01,-0.307979264250535
1902-09-01,-0.36615673508299
1902-10-01,-0.424334205915286
1902-11-01,-0.482511676747582
1902-12-01,-0.540689147580037
1903-01-01,-0.598866618412333
1903-02-01,-0.55909818113511
1903-03-01,-0.519329743857779
1903-04-01,-0.479561306580556
1903-05-01,-0.439792869303333
1903-06-01,-0.400024432026002
1903-07-01,-0.36025599474878
1903-08-01,-0.320487557471557
1903-09-01,-0.280719120194226
1903-10-01,-0.240950682917003
1903-11-01,-0.20118224563978
1903-12-01,-0.161413808362449
1904-01-01,-0.121645371085227
1904-02-01,-0.0933259165324167
1904-03-01,-0.0650064619795295
1904-04-01,-0.0366870074267196
1904-05-01,-0.00836755287390963
1904-06-01,0.0199519016789776
1904-07-01,0.0482713562317875
1904-08-01,0.0765908107845975
1904-09-01,0.104910265337485
1904-10-01,0.133229719890295
1904-11-01,0.161549174443105
1904-12-01,0.189868628995992
1905-01-01,0.218188083548802
1905-02-01,0.228419330358933
1905-03-01,0.238650577169091
1905-04-01,0.248881823979222
1905-05-01,0.259113070789353
1905-06-01,0.269344317599512
1905-07-01,0.279575564409643
1905-08-01,0.289806811219774
1905-09-01,0.300038058029932
1905-10-01,0.310269304840063
1905-11-01,0.320500551650194
1905-12-01,0.330731798460353
1906-01-01,0.340963045270484
1906-02-01,0.323606821924547
1906-03-01,0.306250598578564
1906-04-01,0.288894375232627
1906-05-01,0.271538151886691
1906-06-01,0.254181928540707
1906-07-01,0.236825705194771
1906-08-01,0.219469481848834
1906-09-01,0.20211325850285
1906-10-01,0.184757035156914
1906-11-01,0.167400811810978
1906-12-01,0.150044588464994
1907-01-01,0.132688365119057
1907-02-01,0.144715764443426
1907-03-01,0.156743163767827
1907-04-01,0.168770563092195
1907-05-01,0.180797962416564
1907-06-01,0.192825361740965
1907-07-01,0.204852761065333
1907-08-01,0.216880160389702
1907-09-01,0.228907559714103
1907-10-01,0.240934959038471
1907-11-01,0.25296235836284
1907-12-01,0.264989757687241
1908-01-01,0.277017157011609
1908-02-01,0.281030855339054
1908-03-01,0.285044553666509
1908-04-01,0.289058251993954
1908-05-01,0.293071950321398
1908-06-01,0.297085648648854
1908-07-01,0.301099346976298
1908-08-01,0.305113045303743
1908-09-01,0.309126743631198
1908-10-01,0.313140441958643
1908-11-01,0.317154140286087
1908-12-01,0.321167838613543
1909-01-01,0.325181536940987
1909-02-01,0.322798504253205
1909-03-01,0.320415471565416
1909-04-01,0.318032438877634
1909-05-01,0.315649406189852
1909-06-01,0.313266373502063
1909-07-01,0.310883340814281
1909-08-01,0.308500308126499
1909-09-01,0.306117275438711
1909-10-01,0.303734242750928
1909-11-01,0.301351210063146
1909-12-01,0.298968177375358
1910-01-01,0.296585144687575
1910-02-01,0.296907981719065
1910-03-01,0.297230818750556
1910-04-01,0.297553655782045
1910-05-01,0.297876492813535
1910-06-01,0.298199329845026
1910-07-01,0.298522166876516
1910-08-01,0.298845003908005
1910-09-01,0.299167840939496
1910-10-01,0.299490677970986
1910-11-01,0.299813515002475
1910-12-01,0.300136352033966
1911-01-01,0.300459189065456
1911-02-01,0.251816810218803
1911-03-01,0.203174431372017
1911-04-01,0.154532052525365
1911-05-01,0.105889673678712
1911-06-01,0.0572472948319262
1911-07-01,0.00860491598527335
1911-08-01,-0.0400374628613794
1911-09-01,-0.088679841708165
1911-10-01,-0.137322220554818
1911-11-01,-0.185964599401471
1911-12-01,-0.234606978248256
1912-01-01,-0.283249357094909
1912-02-01,-0.276285988472635
1912-03-01,-0.269322619850341
1912-04-01,-0.262359251228067
1912-05-01,-0.255395882605792
1912-06-01,-0.248432513983499
1912-07-01,-0.241469145361225
1912-08-01,-0.23450577673895
1912-09-01,-0.227542408116657
1912-10-01,-0.220579039494382
1912-11-01,-0.213615670872108
1912-12-01,-0.206652302249814
1913-01-01,-0.19968893362754
1913-02-01,-0.170295112041829
1913-03-01,-0.140901290456038
1913-04-01,-0.111507468870327
1913-05-01,-0.0821136472846158
1913-06-01,-0.0527198256988246
1913-07-01,-0.0233260041131136
1913-08-01,0.00606781747259746
1913-09-01,0.0354616390583887
1913-10-01,0.0648554606440997
1913-11-01,0.0942492822298107
1913-12-01,0.123643103815602
1914-01-01,0.153036925401313
1914-02-01,0.17209604878606
1914-03-01,0.191155172170859
1914-04-01,0.210214295555606
1914-05-01,0.229273418940353
1914-06-01,0.248332542325152
1914-07-01,0.267391665709899
1914-08-01,0.286450789094646
1914-09-01,0.305509912479445
1914-10-01,0.324569035864192
1914-11-01,0.343628159248939
1914-12-01,0.362687282633738
1915-01-01,0.381746406018485
1915-02-01,0.385082026765836
1915-03-01,0.388417647513197
1915-04-01,0.391753268260548
1915-05-01,0.395088889007899
1915-06-01,0.398424509755259
1915-07-01,0.40176013050261
1915-08-01,0.405095751249962
1915-09-01,0.408431371997322
1915-10-01,0.411766992744673
1915-11-01,0.415102613492024
1915-12-01,0.418438234239384
1916-01-01,0.421773854986736
1916-02-01,0.422763655372243
1916-03-01,0.423753455757753
1916-04-01,0.42474325614326
1916-05-01,0.425733056528767
1916-06-01,0.426722856914277
1916-07-01,0.427712657299785
1916-08-01,0.428702457685292
1916-09-01,0.429692258070802
1916-10-01,0.430682058456309
1916-11-01,0.431671858841817
1916-12-01,0.432661659227327
1917-01-01,0.433651459612834
1917-02-01,0.434863107139011
1917-03-01,0.436074754665191
1917-04-01,0.437286402191369
1917-05-01,0.438498049717546
1917-06-01,0.439709697243726
1917-07-01,0.440921344769903
1917-08-01,0.44213299229608
1917-09-01,0.443344639822261
1917-10-01,0.444556287348438
1917-11-01,0.445767934874615
1917-12-01,0.446979582400795
1918-01-01,0.448191229926972
1918-02-01,0.451483915567899
1918-03-01,0.454776601208835
1918-04-01,0.458069286849762
1918-05-01,0.461361972490689
1918-06-01,0.464654658131625
1918-07-01,0.467947343772552
1918-08-01,0.471240029413479
1918-09-01,0.474532715054415
1918-10-01,0.477825400695342
1918-11-01,0.481118086336269
1918-12-01,0.484410771977205
1919-01-01,0.487703457618132
1919-02-01,0.482814258542326
1919-03-01,0.477925059466506
1919-04-01,0.4730358603907
1919-05-01,0.468146661314894
1919-06-01,0.463257462239074
1919-07-01,0.458368263163268
1919-08-01,0.453479064087462
1919-09-01,0.448589865011642
1919-10-01,0.443700665935836
1919-11-01,0.43881146686003
1919-12-01,0.43392226778421
1920-01-01,0.429033068708404
1920-02-01,0.434397907844068
1920-03-01,0.439762746979746
1920-04-01,0.44512758611541
1920-05-01,0.450492425251073
1920-06-01,0.455857264386752
1920-07-01,0.461222103522415
1920-08-01,0.466586942658079
1920-09-01,0.471951781793758
1920-10-01,0.477316620929421
1920-11-01,0.482681460065085
1920-12-01,0.488046299200763
1921-01-01,0.493411138336427
1921-02-01,0.480716430527052
1921-03-01,0.468021722717641
1921-04-01,0.455327014908266
1921-05-01,0.44263230709889
1921-06-01,0.42993759928948
1921-07-01,0.417242891480105
1921-08-01,0.404548183670729
1921-09-01,0.391853475861319
1921-10-01,0.379158768051943
1921-11-01,0.366464060242568
1921-12-01,0.353769352433158
1922-01-01,0.341074644623782
1922-02-01,0.342504522373416
1922-03-01,0.343934400123054
1922-04-01,0.345364277872687
1922-05-01,0.346794155622321
1922-06-01,0.348224033371959
1922-07-01,0.349653911121592
1922-08-01,0.351083788871226
1922-09-01,0.352513666620863
1922-10-01,0.353943544370497
1922-11-01,0.355373422120131
1922-12-01,0.356803299869768
1923-01-01,0.358233177619402
1923-02-01,0.36717213201625
1923-03-01,0.376111086413123
1923-04-01,0.385050040809971
1923-05-01,0.39398899520682
1923-06-01,0.402927949603692
1923-07-01,0.411866904000541
1923-08-01,0.420805858397389
1923-09-01,0.429744812794262
1923-10-01,0.43868376719111
1923-11-01,0.447622721587958
1923-12-01,0.456561675984831
1924-01-01,0.465500630381679
1924-02-01,0.467484929671905
1924-03-01,0.469469228962135
1924-04-01,0.471453528252361
1924-05-01,0.473437827542586
1924-06-01,0.475422126832817
1924-07-01,0.477406426123042
1924-08-01,0.479390725413268
1924-09-01,0.481375024703499
1924-10-01,0.483359323993724
1924-11-01,0.485343623283949
1924-12-01,0.48732792257418
1925-01-01,0.489312221864406
1925-02-01,0.490757273797878
1925-03-01,0.492202325731354
1925-04-01,0.493647377664826
1925-05-01,0.495092429598298
1925-06-01,0.496537481531774
1925-07-01,0.497982533465246
1925-08-01,0.499427585398719
1925-09-01,0.500872637332195
1925-10-01,0.502317689265667
1925-11-01,0.503762741199139
1925-12-01,0.505207793132615
1926-01-01,0.506652845066087
1926-02-01,0.506647157779882
1926-03-01,0.506641470493676
1926-04-01,0.506635783207471
1926-05-01,0.506630095921265
1926-06-01,0.50662440863506
1926-07-01,0.506618721348854
1926-08-01,0.506613034062649
1926-09-01,0.506607346776443
1926-10-01,0.506601659490238
1926-11-01,0.506595972204032
1926-12-01,0.506590284917827
1927-01-01,0.506584597631621
1927-02-01,0.502067555762686
1927-03-01,0.497550513893738
1927-04-01,0.493033472024802
1927-05-01,0.488516430155866
1927-06-01,0.483999388286918
1927-07-01,0.479482346417982
1927-08-01,0.474965304549046
1927-09-01,0.470448262680098
1927-10-01,0.465931220811163
1927-11-01,0.461414178942227
1927-12-01,0.456897137073279
1928-01-01,0.452380095204343
1928-02-01,0.433374070901112
1928-03-01,0.41436804659783
1928-04-01,0.395362022294599
1928-05-01,0.376355997991368
1928-06-01,0.357349973688085
1928-07-01,0.338343949384855
1928-08-01,0.319337925081624
1928-09-01,0.300331900778341
1928-10-01,0.28132587647511
1928-11-01,0.26231985217188
1928-12-01,0.243313827868597
1929-01-01,0.224307803565366
1929-02-01,0.245284165635251
1929-03-01,0.266260527705193
1929-04-01,0.287236889775078
1929-05-01,0.308213251844963
1929-06-01,0.329189613914906
1929-07-01,0.350165975984791
1929-08-01,0.371142338054676
1929-09-01,0.392118700124618
1929-10-01,0.413095062194503
1929-11-01,0.434071424264388
1929-12-01,0.45504778633433
1930-01-01,0.476024148404215
1930-02-01,0.480934473579744
1930-03-01,0.485844798755285
1930-04-01,0.490755123930814
1930-05-01,0.495665449106342
1930-06-01,0.500575774281884
1930-07-01,0.505486099457413
1930-08-01,0.510396424632941
1930-09-01,0.515306749808483
1930-10-01,0.520217074984012
1930-11-01,0.52512740015954
1930-12-01,0.530037725335082
1931-01-01,0.534948050510611
1931-02-01,0.521909268050463
1931-03-01,0.50887048559028
1931-04-01,0.495831703130133
1931-05-01,0.482792920669985
1931-06-01,0.469754138209802
1931-07-01,0.456715355749655
1931-08-01,0.443676573289508
1931-09-01,0.430637790829325
1931-10-01,0.417599008369177
1931-11-01,0.40456022590903
1931-12-01,0.391521443448847
1932-01-01,0.378482660988699
1932-02-01,0.389489410803618
1932-03-01,0.400496160618567
1932-04-01,0.411502910433486
1932-05-01,0.422509660248405
1932-06-01,0.433516410063354
1932-07-01,0.444523159878272
1932-08-01,0.455529909693191
1932-09-01,0.46653665950814
1932-10-01,0.477543409323059
1932-11-01,0.488550159137978
1932-12-01,0.499556908952927
1933-01-01,0.510563658767845
1933-02-01,0.511071452674694
1933-03-01,0.511579246581545
1933-04-01,0.512087040488394
1933-05-01,0.512594834395243
1933-06-01,0.513102628302094
1933-07-01,0.513610422208943
1933-08-01,0.514118216115792
1933-09-01,0.514626010022643
1933-10-01,0.515133803929492
1933-11-01,0.515641597836341
1933-12-01,0.516149391743191
1934-01-01,0.51665718565004
1934-02-01,0.51752256479642
1934-03-01,0.518387943942803
1934-04-01,0.519253323089183
1934-05-01,0.520118702235563
1934-06-01,0.520984081381945
1934-07-01,0.521849460528325
1934-08-01,0.522714839674705
1934-09-01,0.523580218821087
1934-10-01,0.524445597967467
1934-11-01,0.525310977113847
1934-12-01,0.52617635626023
1935-01-01,0.52704173540661
1935-02-01,0.529782844043027
1935-03-01,0.532523952679451
1935-04-01,0.535265061315869
1935-05-01,0.538006169952286
1935-06-01,0.54074727858871
1935-07-01,0.543488387225127
1935-08-01,0.546229495861545
1935-09-01,0.548970604497969
1935-10-01,0.551711713134386
1935-11-01,0.554452821770803
1935-12-01,0.557193930407228
1936-01-01,0.559935039043645
1936-02-01,0.559373477644423
1936-03-01,0.558811916245199
1936-04-01,0.558250354845977
1936-05-01,0.557688793446754
1936-06-01,0.557127232047531
1936-07-01,0.556565670648308
1936-08-01,0.556004109249086
1936-09-01,0.555442547849862
1936-10-01,0.55488098645064
1936-11-01,0.554319425051418
1936-12-01,0.553757863652194
1937-01-01,0.553196302252971
1937-02-01,0.557217258105018
1937-03-01,0.561238213957075
1937-04-01,0.565259169809121
1937-05-01,0.569280125661168
1937-06-01,0.573301081513225
1937-07-01,0.577322037365271
1937-08-01,0.581342993217318
1937-09-01,0.585363949069375
1937-10-01,0.589384904921421
1937-11-01,0.593405860773468
1937-12-01,0.597426816625525
1938-01-01,0.601447772477572
1938-02-01,0.598744501057119
1938-03-01,0.59604122963666
1938-04-01,0.593337958216208
1938-05-01,0.590634686795755
1938-06-01,0.587931415375296
1938-07-01,0.585228143954844
1938-08-01,0.582524872534391
1938-09-01,0.579821601113932
1938-10-01,0.57711832969348
1938-11-01,0.574415058273028
1938-12-01,0.571711786852568
1939-01-01,0.569008515432116
1939-02-01,0.564968176681594
1939-03-01,0.560927837931062
1939-04-01,0.556887499180541
1939-05-01,0.552847160430019
1939-06-01,0.548806821679487
1939-07-01,0.544766482928966
1939-08-01,0.540726144178444
1939-09-01,0.536685805427912
1939-10-01,0.532645466677391
1939-11-01,0.528605127926869
1939-12-01,0.524564789176337
1940-01-01,0.520524450425815
1940-02-01,0.518920823860893
1940-03-01,0.517317197295967
1940-04-01,0.515713570731045
1940-05-01,0.514109944166122
1940-06-01,0.512506317601196
1940-07-01,0.510902691036274
1940-08-01,0.509299064471352
1940-09-01,0.507695437906425
1940-10-01,0.506091811341503
1940-11-01,0.504488184776581
1940-12-01,0.502884558211654
1941-01-01,0.501280931646732
1941-02-01,0.499037781520599
1941-03-01,0.496794631394461
1941-04-01,0.494551481268328
1941-05-01,0.492308331142196
1941-06-01,0.490065181016057
1941-07-01,0.487822030889924
1941-08-01,0.485578880763792
1941-09-01,0.483335730637653
1941-10-01,0.481092580511521
1941-11-01,0.478849430385388
1941-12-01,0.476606280259249
1942-01-01,0.474363130133117
1942-02-01,0.473513714038027
1942-03-01,0.472664297942934
1942-04-01,0.471814881847844
1942-05-01,0.470965465752754
1942-06-01,0.470116049657661
1942-07-01,0.469266633562571
1942-08-01,0.468417217467481
1942-09-01,0.467567801372388
1942-10-01,0.466718385277298
1942-11-01,0.465868969182208
1942-12-01,0.465019553087116
1943-01-01,0.464170136992025
1943-02-01,0.46604851922914
1943-03-01,0.46792690146626
1943-04-01,0.469805283703375
1943-05-01,0.47168366594049
1943-06-01,0.473562048177611
1943-07-01,0.475440430414726
1943-08-01,0.477318812651841
1943-09-01,0.479197194888961
1943-10-01,0.481075577126076
1943-11-01,0.482953959363191
1943-12-01,0.484832341600311
1944-01-01,0.486710723837426
1944-02-01,0.496403701129342
1944-03-01,0.506096678421285
1944-04-01,0.515789655713202
1944-05-01,0.525482633005119
1944-06-01,0.535175610297062
1944-07-01,0.544868587588978
1944-08-01,0.554561564880895
1944-09-01,0.564254542172838
1944-10-01,0.573947519464755
1944-11-01,0.583640496756671
1944-12-01,0.593333474048614
1945-01-01,0.603026451340531
1945-02-01,0.606188083849148
1945-03-01,0.609349716357773
1945-04-01,0.61251134886639
1945-05-01,0.615672981375007
1945-06-01,0.618834613883633
1945-07-01,0.621996246392249
1945-08-01,0.625157878900866
1945-09-01,0.628319511409492
1945-10-01,0.631481143918109
1945-11-01,0.634642776426726
1945-12-01,0.637804408935351
1946-01-01,0.640966041443968
1946-02-01,0.640925140563785
1946-03-01,0.640884239683603
1946-04-01,0.64084333880342
1946-05-01,0.640802437923237
1946-06-01,0.640761537043054
1946-07-01,0.640720636162871
1946-08-01,0.640679735282688
1946-09-01,0.640638834402506
1946-10-01,0.640597933522323
1946-11-01,0.64055703264214
1946-12-01,0.640516131761957
1947-01-01,0.640475230881774
1947-02-01,0.639517862246724
1947-03-01,0.638560493611672
1947-04-01,0.637603124976622
1947-05-01,0.636645756341572
1947-06-01,0.63568838770652
1947-07-01,0.63473101907147
1947-08-01,0.63377365043642
1947-09-01,0.632816281801368
1947-10-01,0.631858913166318
1947-11-01,0.630901544531268
1947-12-01,0.629944175896216
1948-01-01,0.628986807261166
1948-02-01,0.631972147706171
1948-03-01,0.634957488151185
1948-04-01,0.63794282859619
1948-05-01,0.640928169041195
1948-06-01,0.643913509486209
1948-07-01,0.646898849931214
1948-08-01,0.649884190376219
1948-09-01,0.652869530821232
1948-10-01,0.655854871266238
1948-11-01,0.658840211711243
1948-12-01,0.661825552156256
1949-01-01,0.664810892601262
1949-02-01,0.658170528033125
1949-03-01,0.651530163464971
1949-04-01,0.644889798896835
1949-05-01,0.638249434328699
1949-06-01,0.631609069760545
1949-07-01,0.624968705192408
1949-08-01,0.618328340624272
1949-09-01,0.611687976056118
1949-10-01,0.605047611487982
1949-11-01,0.598407246919846
1949-12-01,0.591766882351692
1950-01-01,0.585126517783555
1950-02-01,0.582395904545803
1950-03-01,0.579665291308043
1950-04-01,0.576934678070291
1950-05-01,0.574204064832539
1950-06-01,0.571473451594779
1950-07-01,0.568742838357027
1950-08-01,0.566012225119274
1950-09-01,0.563281611881514
1950-10-01,0.560550998643762
1950-11-01,0.55782038540601
1950-12-01,0.55508977216825
1951-01-01,0.552359158930498
1951-02-01,0.551186101914558
1951-03-01,0.550013044898615
1951-04-01,0.548839987882675
1951-05-01,0.547666930866735
1951-06-01,0.546493873850791
1951-07-01,0.545320816834851
1951-08-01,0.544147759818911
1951-09-01,0.542974702802968
1951-10-01,0.541801645787028
1951-11-01,0.540628588771088
1951-12-01,0.539455531755145
1952-01-01,0.538282474739205
1952-02-01,0.536689998431543
1952-03-01,0.535097522123876
1952-04-01,0.533505045816214
1952-05-01,0.531912569508551
1952-06-01,0.530320093200885
1952-07-01,0.528727616893222
1952-08-01,0.52713514058556
1952-09-01,0.525542664277893
1952-10-01,0.523950187970231
1952-11-01,0.522357711662569
1952-12-01,0.520765235354902
1953-01-01,0.519172759047239
1953-02-01,0.519622945336998
1953-03-01,0.520073131626757
1953-04-01,0.520523317916516
1953-05-01,0.520973504206274
1953-06-01,0.521423690496034
1953-07-01,0.521873876785792
1953-08-01,0.52232406307555
1953-09-01,0.52277424936531
1953-10-01,0.523224435655068
1953-11-01,0.523674621944827
1953-12-01,0.524124808234586
1954-01-01,0.524574994524344
1954-02-01,0.524178753240634
1954-03-01,0.523782511956922
1954-04-01,0.523386270673212
1954-05-01,0.522990029389502
1954-06-01,0.52259378810579
1954-07-01,0.52219754682208
1954-08-01,0.521801305538369
1954-09-01,0.521405064254658
1954-10-01,0.521008822970947
1954-11-01,0.520612581687237
1954-12-01,0.520216340403525
1955-01-01,0.519820099119815
1955-02-01,0.521395915325394
1955-03-01,0.522971731530978
1955-04-01,0.524547547736557
1955-05-01,0.526123363942137
1955-06-01,0.52769918014772
1955-07-01,0.5292749963533
1955-08-01,0.530850812558879
1955-09-01,0.532426628764463
1955-10-01,0.534002444970042
1955-11-01,0.535578261175622
1955-12-01,0.537154077381205
1956-01-01,0.538729893586785
1956-02-01,0.5413971110654
1956-03-01,0.544064328544023
1956-04-01,0.546731546022639
1956-05-01,0.549398763501255
1956-06-01,0.552065980979878
1956-07-01,0.554733198458493
1956-08-01,0.557400415937109
1956-09-01,0.560067633415732
1956-10-01,0.562734850894347
1956-11-01,0.565402068372963
1956-12-01,0.568069285851586
1957-01-01,0.570736503330202
1957-02-01,0.574241945087935
1957-03-01,0.577747386845679
1957-04-01,0.581252828603413
1957-05-01,0.584758270361146
1957-06-01,0.58826371211889
1957-07-01,0.591769153876624
1957-08-01,0.595274595634358
1957-09-01,0.598780037392101
1957-10-01,0.602285479149835
1957-11-01,0.605790920907569
1957-12-01,0.609296362665312
1958-01-01,0.612801804423046
1958-02-01,0.609718326537757
1958-03-01,0.606634848652461
1958-04-01,0.603551370767172
1958-05-01,0.600467892881884
1958-06-01,0.597384414996587
1958-07-01,0.594300937111298
1958-08-01,0.59121745922601
1958-09-01,0.588133981340713
1958-10-01,0.585050503455425
1958-11-01,0.581967025570136
1958-12-01,0.57888354768484
1959-01-01,0.575800069799551
1959-02-01,0.572565348852177
1959-03-01,0.569330627904793
1959-04-01,0.566095906957419
1959-05-01,0.562861186010044
1959-06-01,0.559626465062661
1959-07-01,0.556391744115286
1959-08-01,0.553157023167912
1959-09-01,0.549922302220529
1959-10-01,0.546687581273154
1959-11-01,0.54345286032578
1959-12-01,0.540218139378396
1960-01-01,0.536983418431022
1960-02-01,0.530787291387092
1960-03-01,0.524591164343146
1960-04-01,0.518395037299216
1960-05-01,0.512198910255286
1960-06-01,0.50600278321134
1960-07-01,0.49980665616741
1960-08-01,0.49361052912348
1960-09-01,0.487414402079534
1960-10-01,0.481218275035604
1960-11-01,0.475022147991674
1960-12-01,0.468826020947728
1961-01-01,0.462629893903798
1961-02-01,0.446043520332972
1961-03-01,0.429457146762101
1961-04-01,0.412870773191275
1961-05-01,0.39628439962045
1961-06-01,0.379698026049579
1961-07-01,0.363111652478753
1961-08-01,0.346525278907927
1961-09-01,0.329938905337056
1961-10-01,0.31335253176623
1961-11-01,0.296766158195404
1961-12-01,0.280179784624533
1962-01-01,0.263593411053707
1962-02-01,0.185689270109359
1962-03-01,0.107785129164798
1962-04-01,0.029880988220449
1962-05-01,-0.0480231527238997
1962-06-01,-0.125927293668461
1962-07-01,-0.20383143461281
1962-08-01,-0.281735575557158
1962-09-01,-0.359639716501719
1962-10-01,-0.437543857446068
1962-11-01,-0.515447998390417
1962-12-01,-0.593352139334978
1963-01-01,-0.671256280279327
1963-02-01,-0.648341658005589
1963-03-01,-0.625427035731789
1963-04-01,-0.602512413458051
1963-05-01,-0.579597791184313
1963-06-01,-0.556683168910513
1963-07-01,-0.533768546636775
1963-08-01,-0.510853924363037
1963-09-01,-0.487939302089237
1963-10-01,-0.465024679815499
1963-11-01,-0.442110057541761
1963-12-01,-0.419195435267961
1964-01-01,-0.396280812994223
1964-02-01,-0.369676367777324
1964-03-01,-0.343071922560352
1964-04-01,-0.316467477343452
1964-05-01,-0.289863032126553
1964-06-01,-0.263258586909581
1964-07-01,-0.236654141692681
1964-08-01,-0.210049696475782
1964-09-01,-0.18344525125881
1964-10-01,-0.156840806041911
1964-11-01,-0.130236360825011
1964-12-01,-0.103631915608039
1965-01-01,-0.0770274703911396
1965-02-01,-0.0359417587632543
1965-03-01,0.00514395286474316
1965-04-01,0.0462296644926285
1965-05-01,0.0873153761205138
1965-06-01,0.128401087748511
1965-07-01,0.169486799376397
1965-08-01,0.210572511004282
1965-09-01,0.251658222632279
1965-10-01,0.292743934260165
1965-11-01,0.33382964588805
1965-12-01,0.374915357516047
1966-01-01,0.416001069143933
1966-02-01,0.396998646378422
1966-03-01,0.37799622361286
1966-04-01,0.358993800847349
1966-05-01,0.339991378081838
1966-06-01,0.320988955316276
1966-07-01,0.301986532550765
1966-08-01,0.282984109785255
1966-09-01,0.263981687019692
1966-10-01,0.244979264254182
1966-11-01,0.225976841488671
1966-12-01,0.206974418723109
1967-01-01,0.187971995957598
1967-02-01,0.199921929248779
1967-03-01,0.211871862539992
1967-04-01,0.223821795831173
1967-05-01,0.235771729122354
1967-06-01,0.247721662413567
1967-07-01,0.259671595704748
1967-08-01,0.271621528995928
1967-09-01,0.283571462287142
1967-10-01,0.295521395578322
1967-11-01,0.307471328869503
1967-12-01,0.319421262160716
1968-01-01,0.331371195451897
1968-02-01,0.340210638284973
1968-03-01,0.349050081118072
1968-04-01,0.357889523951148
1968-05-01,0.366728966784224
1968-06-01,0.375568409617323
1968-07-01,0.384407852450399
1968-08-01,0.393247295283475
1968-09-01,0.402086738116574
1968-10-01,0.41092618094965
1968-11-01,0.419765623782725
1968-12-01,0.428605066615825
1969-01-01,0.437444509448901
1969-02-01,0.435907767413052
1969-03-01,0.434371025377199
1969-04-01,0.43283428334135
1969-05-01,0.431297541305501
1969-06-01,0.429760799269648
1969-07-01,0.428224057233799
1969-08-01,0.42668731519795
1969-09-01,0.425150573162097
1969-10-01,0.423613831126248
1969-11-01,0.4220770890904
1969-12-01,0.420540347054547
1970-01-01,0.419003605018698
1970-02-01,0.407816225990148
1970-03-01,0.396628846961567
1970-04-01,0.385441467933017
1970-05-01,0.374254088904467
1970-06-01,0.363066709875887
1970-07-01,0.351879330847337
1970-08-01,0.340691951818787
1970-09-01,0.329504572790207
1970-10-01,0.318317193761657
1970-11-01,0.307129814733107
1970-12-01,0.295942435704526
1971-01-01,0.284755056675976
1971-02-01,0.293484712684078
1971-03-01,0.302214368692204
1971-04-01,0.310944024700306
1971-05-01,0.319673680708407
1971-06-01,0.328403336716533
1971-07-01,0.337132992724635
1971-08-01,0.345862648732737
1971-09-01,0.354592304740862
1971-10-01,0.363321960748964
1971-11-01,0.372051616757066
1971-12-01,0.380781272765191
1972-01-01,0.389510928773293
1972-02-01,0.402705448846953
1972-03-01,0.41589996892065
1972-04-01,0.42909448899431
1972-05-01,0.44228900906797
1972-06-01,0.455483529141666
1972-07-01,0.468678049215327
1972-08-01,0.481872569288987
1972-09-01,0.495067089362683
1972-10-01,0.508261609436343
1972-11-01,0.521456129510004
1972-12-01,0.5346506495837
1973-01-01,0.54784516965736
1973-02-01,0.540136628419407
1973-03-01,0.532428087181432
1973-04-01,0.524719545943479
1973-05-01,0.517011004705526
1973-06-01,0.509302463467551
1973-07-01,0.501593922229598
1973-08-01,0.493885380991644
1973-09-01,0.48617683975367
1973-10-01,0.478468298515716
1973-11-01,0.470759757277763
1973-12-01,0.463051216039789
1974-01-01,0.455342674801835
1974-02-01,0.439427754499262
1974-03-01,0.423512834196646
1974-04-01,0.407597913894073
1974-05-01,0.3916829935915
1974-06-01,0.375768073288883
1974-07-01,0.35985315298631
1974-08-01,0.343938232683737
1974-09-01,0.328023312381121
1974-10-01,0.312108392078548
1974-11-01,0.296193471775975
1974-12-01,0.280278551473359
1975-01-01,0.264363631170786
1975-02-01,0.283472682102008
1975-03-01,0.302581733033283
1975-04-01,0.321690783964506
1975-05-01,0.340799834895729
1975-06-01,0.359908885827004
1975-07-01,0.379017936758226
1975-08-01,0.398126987689449
1975-09-01,0.417236038620724
1975-10-01,0.436345089551947
1975-11-01,0.45545414048317
1975-12-01,0.474563191414444
1976-01-01,0.493672242345667
1976-02-01,0.507774565765487
1976-03-01,0.521876889185345
1976-04-01,0.535979212605165
1976-05-01,0.550081536024985
1976-06-01,0.564183859444843
1976-07-01,0.578286182864663
1976-08-01,0.592388506284482
1976-09-01,0.606490829704341
1976-10-01,0.62059315312416
1976-11-01,0.63469547654398
1976-12-01,0.648797799963838
1977-01-01,0.662900123383658
1977-02-01,0.673042557814761
1977-03-01,0.683184992245891
1977-04-01,0.693327426676994
1977-05-01,0.703469861108096
1977-06-01,0.713612295539226
1977-07-01,0.723754729970329
1977-08-01,0.733897164401431
1977-09-01,0.744039598832562
1977-10-01,0.754182033263664
1977-11-01,0.764324467694767
1977-12-01,0.774466902125897
1978-01-01,0.784609336556999
1978-02-01,0.789453031637589
1978-03-01,0.794296726718192
1978-04-01,0.799140421798782
1978-05-01,0.803984116879372
1978-06-01,0.808827811959975
1978-07-01,0.813671507040565
1978-08-01,0.818515202121154
1978-09-01,0.823358897201757
1978-10-01,0.828202592282347
1978-11-01,0.833046287362937
1978-12-01,0.83788998244354
1979-01-01,0.84273367752413
1979-02-01,0.843899214180326
1979-03-01,0.845064750836525
1979-04-01,0.846230287492721
1979-05-01,0.847395824148917
1979-06-01,0.848561360805116
1979-07-01,0.849726897461312
1979-08-01,0.850892434117508
1979-09-01,0.852057970773707
1979-10-01,0.853223507429903
1979-11-01,0.854389044086099
1979-12-01,0.855554580742298
1980-01-01,0.856720117398494
1980-02-01,0.861200683876566
1980-03-01,0.86568125035465
1980-04-01,0.870161816832722
1980-05-01,0.874642383310794
1980-06-01,0.879122949788879
1980-07-01,0.883603516266951
1980-08-01,0.888084082745023
1980-09-01,0.892564649223107
1980-10-01,0.897045215701179
1980-11-01,0.901525782179252
1980-12-01,0.906006348657336
1981-01-01,0.910486915135408
1981-02-01,0.878445050631687
1981-03-01,0.846403186127879
1981-04-01,0.814361321624159
1981-05-01,0.782319457120438
1981-06-01,0.75027759261663
1981-07-01,0.71823572811291
1981-08-01,0.686193863609189
1981-09-01,0.654151999105381
1981-10-01,0.622110134601661
1981-11-01,0.59006827009794
1981-12-01,0.558026405594132
1982-01-01,0.525984541090412
1982-02-01,0.498274558082498
1982-03-01,0.470564575074508
1982-04-01,0.442854592066594
1982-05-01,0.41514460905868
1982-06-01,0.38743462605069
1982-07-01,0.359724643042776
1982-08-01,0.332014660034862
1982-09-01,0.304304677026872
1982-10-01,0.276594694018958
1982-11-01,0.248884711011044
1982-12-01,0.221174728003054
1983-01-01,0.19346474499514
1983-02-01,0.230064929339156
1983-03-01,0.266665113683272
1983-04-01,0.303265298027288
1983-05-01,0.339865482371303
1983-06-01,0.376465666715419
1983-07-01,0.413065851059435
1983-08-01,0.449666035403451
1983-09-01,0.486266219747566
1983-10-01,0.522866404091582
1983-11-01,0.559466588435598
1983-12-01,0.596066772779713
1984-01-01,0.632666957123729
1984-02-01,0.656463574117037
1984-03-01,0.680260191110411
1984-04-01,0.704056808103719
1984-05-01,0.727853425097027
1984-06-01,0.751650042090401
1984-07-01,0.775446659083709
1984-08-01,0.799243276077017
1984-09-01,0.82303989307039
1984-10-01,0.846836510063699
1984-11-01,0.870633127057007
1984-12-01,0.89442974405038
1985-01-01,0.918226361043688
1985-02-01,0.92269216971399
1985-03-01,0.927157978384303
1985-04-01,0.931623787054605
1985-05-01,0.936089595724906
1985-06-01,0.940555404395219
1985-07-01,0.945021213065521
1985-08-01,0.949487021735822
1985-09-01,0.953952830406135
1985-10-01,0.958418639076437
1985-11-01,0.962884447746738
1985-12-01,0.967350256417052
1986-01-01,0.971816065087353
1986-02-01,0.980086292309598
1986-03-01,0.988356519531866
1986-04-01,0.996626746754111
1986-05-01,1.00489697397636
1986-06-01,1.01316720119862
1986-07-01,1.02143742842087
1986-08-01,1.02970765564311
1986-09-01,1.03797788286538
1986-10-01,1.04624811008763
1986-11-01,1.05451833730987
1986-12-01,1.06278856453214
1987-01-01,1.07105879175438
1987-02-01,1.08519391077139
1987-03-01,1.09932902978844
1987-04-01,1.11346414880545
1987-05-01,1.12759926782246
1987-06-01,1.1417343868395
1987-07-01,1.15586950585651
1987-08-01,1.17000462487352
1987-09-01,1.18413974389057
1987-10-01,1.19827486290757
1987-11-01,1.21240998192458
1987-12-01,1.22654510094163
1988-01-01,1.24068021995864
1988-02-01,1.25462728353213
1988-03-01,1.26857434710565
1988-04-01,1.28252141067914
1988-05-01,1.29646847425263
1988-06-01,1.31041553782616
1988-07-01,1.32436260139964
1988-08-01,1.33830966497313
1988-09-01,1.35225672854666
1988-10-01,1.36620379212015
1988-11-01,1.38015085569363
1988-12-01,1.39409791926716
1989-01-01,1.40804498284065
1989-02-01,1.40868798215423
1989-03-01,1.40933098146782
1989-04-01,1.40997398078141
1989-05-01,1.410616980095
1989-06-01,1.41125997940859
1989-07-01,1.41190297872217
1989-08-01,1.41254597803576
1989-09-01,1.41318897734935
1989-10-01,1.41383197666294
1989-11-01,1.41447497597652
1989-12-01,1.41511797529011
1990-01-01,1.4157609746037
1990-02-01,1.35167887124281
1990-03-01,1.28759676788174
1990-04-01,1.22351466452085
1990-05-01,1.15943256115996
1990-06-01,1.09535045779889
1990-07-01,1.031268354438
1990-08-01,0.96718625107711
1990-09-01,0.903104147716043
1990-10-01,0.839022044355152
1990-11-01,0.774939940994261
1990-12-01,0.710857837633194
1991-01-01,0.646775734272303
1991-02-01,0.559859686513692
1991-03-01,0.472943638754843
1991-04-01,0.386027590996232
1991-05-01,0.299111543237621
1991-06-01,0.212195495478773
1991-07-01,0.125279447720162
1991-08-01,0.0383633999615505
1991-09-01,-0.0485526477972978
1991-10-01,-0.135468695555909
1991-11-01,-0.22238474331452
1991-12-01,-0.309300791073368
1992-01-01,-0.39621683883198
1992-02-01,-0.316122610085577
1992-03-01,-0.236028381338955
1992-04-01,-0.155934152592552
1992-05-01,-0.0758399238461493
1992-06-01,0.00425430490047224
1992-07-01,0.0843485336468752
1992-08-01,0.164442762393278
1992-09-01,0.2445369911399
1992-10-01,0.324631219886303
1992-11-01,0.404725448632706
1992-12-01,0.484819677379327
1993-01-01,0.56491390612573
1993-02-01,0.619662473104805
1993-03-01,0.67441104008403
1993-04-01,0.729159607063105
1993-05-01,0.783908174042181
1993-06-01,0.838656741021405
1993-07-01,0.893405308000481
1993-08-01,0.948153874979556
1993-09-01,1.00290244195878
1993-10-01,1.05765100893786
1993-11-01,1.11239957591693
1993-12-01,1.16714814289616
1994-01-01,1.22189670987523
1994-02-01,1.24615408106023
1994-03-01,1.2704114522453
1994-04-01,1.29466882343029
1994-05-01,1.31892619461529
1994-06-01,1.34318356580036
1994-07-01,1.36744093698536
1994-08-01,1.39169830817036
1994-09-01,1.41595567935542
1994-10-01,1.44021305054042
1994-11-01,1.46447042172542
1994-12-01,1.48872779291049
1995-01-01,1.51298516409549
1995-02-01,1.5235835549849
1995-03-01,1.53418194587434
1995-04-01,1.54478033676375
1995-05-01,1.55537872765316
1995-06-01,1.56597711854261
1995-07-01,1.57657550943202
1995-08-01,1.58717390032143
1995-09-01,1.59777229121087
1995-10-01,1.60837068210028
1995-11-01,1.6189690729897
1995-12-01,1.62956746387914
1996-01-01,1.64016585476855
1996-02-01,1.63254004391384
1996-03-01,1.62491423305912
1996-04-01,1.61728842220441
1996-05-01,1.60966261134971
1996-06-01,1.60203680049498
1996-07-01,1.59441098964027
1996-08-01,1.58678517878557
1996-09-01,1.57915936793084
1996-10-01,1.57153355707613
1996-11-01,1.56390774622143
1996-12-01,1.5562819353667
1997-01-01,1.54865612451199
1997-02-01,1.56003911822587
1997-03-01,1.57142211193978
1997-04-01,1.58280510565366
1997-05-01,1.59418809936754
1997-06-01,1.60557109308144
1997-07-01,1.61695408679532
1997-08-01,1.6283370805092
1997-09-01,1.63972007422311
1997-10-01,1.65110306793699
1997-11-01,1.66248606165086
1997-12-01,1.67386905536477
1998-01-01,1.68525204907865
1998-02-01,1.70553011444368
1998-03-01,1.72580817980877
1998-04-01,1.7460862451738
1998-05-01,1.76636431053883
1998-06-01,1.78664237590392
1998-07-01,1.80692044126896
1998-08-01,1.82719850663399
1998-09-01,1.84747657199908
1998-10-01,1.86775463736411
1998-11-01,1.88803270272914
1998-12-01,1.90831076809423
1999-01-01,1.92858883345926
1999-02-01,1.93658935194074
1999-03-01,1.94458987042224
1999-04-01,1.95259038890371
1999-05-01,1.96059090738519
1999-06-01,1.96859142586669
1999-07-01,1.97659194434816
1999-08-01,1.98459246282964
1999-09-01,1.99259298131114
1999-10-01,2.00059349979262
1999-11-01,2.00859401827409
1999-12-01,2.01659453675559
2000-01-01,2.02459505523707
2000-02-01,2.02596594206523
2000-03-01,2.02733682889339
2000-04-01,2.02870771572155
2000-05-01,2.03007860254971
2000-06-01,2.03144948937788
2000-07-01,2.03282037620604
2000-08-01,2.0341912630342
2000-09-01,2.03556214986236
2000-10-01,2.03693303669052
2000-11-01,2.03830392351869
2000-12-01,2.03967481034685
2001-01-01,2.04104569717501
2001-02-01,2.03773130734069
2001-03-01,2.03441691750636
2001-04-01,2.03110252767204
2001-05-01,2.02778813783772
2001-06-01,2.02447374800339
2001-07-01,2.02115935816907
2001-08-01,2.01784496833475
2001-09-01,2.01453057850042
2001-10-01,2.0112161886661
2001-11-01,2.00790179883178
2001-12-01,2.00458740899745
2002-01-01,2.00127301916313
2002-02-01,1.99529032065011
2002-03-01,1.98930762213708
2002-04-01,1.98332492362406
2002-05-01,1.97734222511104
2002-06-01,1.97135952659801
2002-07-01,1.96537682808499
2002-08-01,1.95939412957197
2002-09-01,1.95341143105894
2002-10-01,1.94742873254592
2002-11-01,1.94144603403291
2002-12-01,1.93546333551987
2003-01-01,1.92948063700685
2003-02-01,1.93140944479111
2003-03-01,1.93333825257537
2003-04-01,1.93526706035963
2003-05-01,1.93719586814389
2003-06-01,1.93912467592815
2003-07-01,1.94105348371241
2003-08-01,1.94298229149667
2003-09-01,1.94491109928093
2003-10-01,1.94683990706519
2003-11-01,1.94876871484944
2003-12-01,1.95069752263371
2004-01-01,1.95262633041796
2004-02-01,1.94813459063411
2004-03-01,1.94364285085025
2004-04-01,1.9391511110664
2004-05-01,1.93465937128256
2004-06-01,1.9301676314987
2004-07-01,1.92567589171485
2004-08-01,1.921184151931
2004-09-01,1.91669241214714
2004-10-01,1.91220067236329
2004-11-01,1.90770893257944
2004-12-01,1.90321719279558
2005-01-01,1.89872545301173
2005-02-01,1.8972472117944
2005-03-01,1.89576897057706
2005-04-01,1.89429072935972
2005-05-01,1.89281248814239
2005-06-01,1.89133424692505
2005-07-01,1.88985600570771
2005-08-01,1.88837776449038
2005-09-01,1.88689952327304
2005-10-01,1.8854212820557
2005-11-01,1.88394304083837
2005-12-01,1.88246479962103
2006-01-01,1.88098655840369
2006-02-01,1.88566994720318
2006-03-01,1.89035333600269
2006-04-01,1.89503672480219
2006-05-01,1.89972011360168
2006-06-01,1.90440350240119
2006-07-01,1.90908689120068
2006-08-01,1.91377028000017
2006-09-01,1.91845366879968
2006-10-01,1.92313705759917
2006-11-01,1.92782044639867
2006-12-01,1.93250383519817
2007-01-01,1.93718722399767
2007-02-01,1.94664710997416
2007-03-01,1.95610699595068
2007-04-01,1.96556688192718
2007-05-01,1.97502676790367
2007-06-01,1.9844866538802
2007-07-01,1.99394653985669
2007-08-01,2.00340642583319
2007-09-01,2.01286631180971
2007-10-01,2.0223261977862
2007-11-01,2.0317860837627
2007-12-01,2.04124596973922
2008-01-01,2.05070585571572
2008-02-01,2.05720302917884
2008-03-01,2.06370020264198
2008-04-01,2.0701973761051
2008-05-01,2.07669454956822
2008-06-01,2.08319172303136
2008-07-01,2.08968889649448
2008-08-01,2.0961860699576
2008-09-01,2.10268324342074
2008-10-01,2.10918041688386
2008-11-01,2.11567759034698
2008-12-01,2.12217476381012
2009-01-01,2.12867193727325
2009-02-01,2.13729583321759
2009-03-01,2.14591972916196
2009-04-01,2.15454362510631
2009-05-01,2.16316752105066
2009-06-01,2.17179141699503
2009-07-01,2.18041531293937
2009-08-01,2.18903920888372
2009-09-01,2.19766310482809
2009-10-01,2.20628700077244
2009-11-01,2.21491089671678
2009-12-01,2.22353479266115
2010-01-01,2.2321586886055
2010-02-01,2.23695246547211
2010-03-01,2.24174624233874
2010-04-01,2.24654001920536
2010-05-01,2.25133379607197
2010-06-01,2.2561275729386
2010-07-01,2.26092134980522
2010-08-01,2.26571512667183
2010-09-01,2.27050890353846
2010-10-01,2.27530268040507
2010-11-01,2.28009645727169
2010-12-01,2.28489023413832
2011-01-01,2.28968401100493
2011-02-01,2.29509996816693
2011-03-01,2.30051592532895
2011-04-01,2.30593188249095
2011-05-01,2.31134783965295
2011-06-01,2.31676379681496
2011-07-01,2.32217975397697
2011-08-01,2.32759571113897
2011-09-01,2.33301166830098
2011-10-01,2.33842762546298
2011-11-01,2.34384358262498
2011-12-01,2.349259539787
2012-01-01,2.354675496949
2012-02-01,2.36901858461907
2012-03-01,2.38336167228918
2012-04-01,2.39770475995925
2012-05-01,2.41204784762933
2012-06-01,2.42639093529944
2012-07-01,2.44073402296951
2012-08-01,2.45507711063958
2012-09-01,2.46942019830969
2012-10-01,2.48376328597977
2012-11-01,2.49810637364984
2012-12-01,2.51244946131995
2013-01-01,2.52679254899002
2013-02-01,2.52922092526709
2013-03-01,2.53164930154417
2013-04-01,2.53407767782123
2013-05-01,2.5365060540983
2013-06-01,2.53893443037538
2013-07-01,2.54136280665245
2013-08-01,2.54379118292952
2013-09-01,2.54621955920659
2013-10-01,2.54864793548366
2013-11-01,2.55107631176073
2013-12-01,2.55350468803781
2014-01-01,2.55593306431487
2014-02-01,2.56061660532132
2014-03-01,2.56530014632778
2014-04-01,2.56998368733423
2014-05-01,2.57466722834068
2014-06-01,2.57935076934714
2014-07-01,2.58403431035358
2014-08-01,2.58871785136003
2014-09-01,2.59340139236649
2014-10-01,2.59808493337294
2014-11-01,2.60276847437938
2014-12-01,2.60745201538584
2015-01-01,2.61213555639229
2015-02-01,2.61749741588936
2015-03-01,2.62285927538645
2015-04-01,2.62822113488352
2015-05-01,2.63358299438059
2015-06-01,2.63894485387768
2015-07-01,2.64430671337475
2015-08-01,2.64966857287183
2015-09-01,2.65503043236891
2015-10-01,2.66039229186599
2015-11-01,2.66575415136306
2015-12-01,2.67111601086015
2016-01-01,2.67647787035722
2016-02-01,2.68269739699034
2016-03-01,2.68891692362349
2016-04-01,2.69513645025661
2016-05-01,2.70135597688974
2016-06-01,2.70757550352288
2016-07-01,2.713795030156
2016-08-01,2.72001455678913
2016-09-01,2.72623408342227
2016-10-01,2.7324536100554
2016-11-01,2.73867313668852
2016-12-01,2.74489266332166
2017-01-01,2.75111218995479
2017-02-01,2.75379781341572
2017-03-01,2.75648343687665
2017-04-01,2.75916906033758
2017-05-01,2.76185468379851
2017-06-01,2.76454030725945
2017-07-01,2.76722593072037
2017-08-01,2.7699115541813
2017-09-01,2.77259717764224
2017-10-01,2.77528280110317
2017-11-01,2.77796842456409
2017-12-01,2.78065404802503
2018-01-01,2.78333967148596
2018-02-01,2.78791081443083
2018-03-01,2.79248195737572
2018-04-01,2.79705310032059
2018-05-01,2.80162424326547
2018-06-01,2.80619538621036
2018-07-01,2.81076652915523
2018-08-01,2.81533767210011
2018-09-01,2.81990881504499
2018-10-01,2.82447995798987
2018-11-01,2.82905110093474
2018-12-01,2.83362224387963
2019-01-01,2.83819338682451
2019-02-01,2.83718962272572
2019-03-01,2.84089469439152
2019-04-01,2.84459976605731
2019-05-01,2.84830483772312
2019-06-01,2.85200990938891
2019-07-01,2.85571498105472
2019-08-01,2.85942005272052
2019-09-01,2.86312512438631
2019-10-01,2.86683019605212
2019-11-01,2.87053526771793
2019-12-01,2.87424033938372
2020-01-01,2.87794541104952
2020-02-01,2.88165048271533
2020-03-01,2.88535555438112
2020-04-01,2.88906062604691
2020-05-01,2.89276569771273
2020-06-01,2.89647076937852
2020-07-01,2.90017584104432
2020-08-01,2.90388091271012
2020-09-01,2.90758598437593
2020-10-01,2.91129105604172
2020-11-01,2.91499612770752
2020-12-01,2.91870119937333
2021-01-01,2.92240627103912
2021-02-01,2.92611134270493
2021-03-01,2.92981641437073
2021-04-01,2.93352148603653
2021-05-01,2.93722655770233
2021-06-01,2.94093162936812
2021-07-01,2.94463670103393
2021-08-01,2.94834177269973
2021-09-01,2.95204684436553
2021-10-01,2.95575191603133
2021-11-01,2.95945698769714
2021-12-01,2.96316205936293
2022-01-01,2.96686713102874
2022-02-01,2.97057220269454
2022-03-01,2.97427727436033
2022-04-01,2.97798234602612
2022-05-01,2.98168741769194
2022-06-01,2.98539248935774
2022-07-01,2.98909756102353
2022-08-01,2.99280263268933
2022-09-01,2.99650770435514
2022-10-01,3.00021277602093
2022-11-01,3.00391784768674
2022-12-01,3.00762291935254
